id,uid,first_name,last_name,gender,date_of_birth
9170,2eaf31cc-220d-4a56-9358-227dd6858863,Anneliese,Pfannerstill,Male,17/05/84
3596,181cbb55-2b4c-4623-b1cb-f841d7e3a8d8,Dwayne,Braun,Male,13/02/60
874,524e5d24-0892-4443-b519-fd23e9859cdc,Christina,Bayer,Female,01/02/76
3436,e2d22f7c-f99e-4ec4-a966-028808e34a60,Corene,Beer,Female,24/06/96
5544,2cd5fa17-78f9-464d-b26b-94edb86980e5,Jess,Kirlin,Male,30/06/90
5558,a7a68809-e0dd-4022-9439-0155c87c0596,Lauren,Hansen,Female,02/12/76
3542,905f165c-4ac7-4cc9-8f39-fd56e65fb448,Tyrone,Bergstrom,Male,28/02/04
237,98d9ec47-5560-4f8f-b94c-f58000663e12,Leatrice,Auer,Female,01/12/85
1210,81807ed1-8193-4649-8a8b-369fd2f44f08,Rayford,Windler,Male,08/04/89
7393,a62812b3-57dd-4d34-bf92-d6d36190c4fc,Louie,Schuster,Male,12/08/68
7327,9806c078-ec55-41ae-9d43-a51b783e05d1,Harry,Kovacek,Female,12/06/77
5052,b446e593-7a8a-4bfd-b1a3-2ca3fd65fb96,Ayana,Feil,Female,09/02/97
7118,a647c7fa-9f8b-4e6d-a874-e5a769c6a91d,Emmitt,West,Male,04/08/74
9618,5a15c0b1-80e0-4e6f-aee9-ae31a2dda75e,Nobuko,Dicki,Male,13/03/88
1822,36ad1aaa-d91e-4ac6-9037-5422d88f14b0,Juliette,Fay,Female,29/09/65
6564,aa173f9e-64c4-4063-b261-b9ced082b305,Gary,Gulgowski,Male,31/05/96
1726,ab33a64a-ef4f-4430-90a2-fc22ee340dc4,Miguel,Kozey,Male,29/09/81
446,6eb191b8-a98b-497e-9573-5c74215c8d97,Grace,Hoppe,Male,11/04/69
1716,559c3408-37c2-4b38-b814-3f5ffb561d1e,Caitlin,Gibson,Female,05/06/79
7813,06e3924b-7817-41a0-a582-fd38e78d1c40,Omar,Hahn,Male,12/04/77